model,num_layers,hidden_channels,dropout,lr,best_L,best_epoch
GCN,2,64,0.5,0.05,2.7880780696868896,-1
GCN,2,32,0.5,0.05,2.7880783081054688,-1
GCN,3,64,0.2,0.01,2.7880799770355225,-1
GCN,4,32,0.2,0.01,2.788080930709839,-1
GCN,2,32,0.0,0.01,2.7881059646606445,-1
GCN,3,64,0.2,0.05,2.788106918334961,-1
GCN,2,32,0.2,0.05,2.7910797595977783,-1
GCN,3,64,0.5,0.01,2.7915751934051514,-1
GCN,4,64,0.0,0.01,2.791576862335205,-1
GCN,3,64,0.2,0.001,2.7917466163635254,-1
GCN,4,32,0.0,0.001,2.7923688888549805,-1
GCN,2,64,0.2,0.001,2.794245958328247,-1
GCN,2,64,0.0,0.01,2.7947232723236084,-1
GCN,2,32,0.5,0.001,2.796422004699707,-1
GCN,2,32,0.2,0.001,2.7965569496154785,-1
GCN,2,16,0.0,0.001,2.7990031242370605,-1
GCN,3,16,0.0,0.05,2.8153743743896484,-1
GCN,2,16,0.5,0.01,2.8154001235961914,-1
GCN,2,64,0.5,0.001,2.818795919418335,-1
GCN,3,32,0.0,0.05,2.823559522628784,-1
GCN,2,16,0.0,0.05,2.823561191558838,-1
GCN,3,64,0.0,0.01,2.8235692977905273,-1
GCN,4,64,0.2,0.01,2.8235793113708496,-1
GCN,3,32,0.0,0.01,2.823603630065918,-1
GCN,2,16,0.0,0.01,2.8236443996429443,-1
GCN,4,32,0.2,0.001,2.8240320682525635,-1
GCN,2,32,0.2,0.01,2.8245110511779785,-1
GCN,4,64,0.0,0.001,2.8266148567199707,-1
GCN,3,64,0.5,0.001,2.827348232269287,-1
GCN,3,64,0.5,0.05,2.8302900791168213,-1
GCN,3,16,0.2,0.001,2.8377809524536133,-1
GCN,2,64,0.2,0.05,2.8407676219940186,-1
GCN,2,32,0.5,0.01,2.850877523422241,-1
GCN,2,16,0.2,0.01,2.85089111328125,-1
GCN,4,32,0.0,0.01,2.8525586128234863,-1
GCN,3,32,0.2,0.01,2.8550121784210205,-1
GCN,2,16,0.5,0.05,2.8566436767578125,-1
GCN,2,64,0.0,0.001,2.8578944206237793,-1
GCN,2,64,0.0,0.05,2.859827995300293,-1
GCN,4,16,0.0,0.01,2.859890937805176,-1
GCN,3,16,0.0,0.001,2.8652260303497314,-1
GCN,4,64,0.5,0.001,2.8653550148010254,-1
GCN,2,16,0.5,0.001,2.8717665672302246,-1
GCN,4,16,0.0,0.001,2.877784013748169,-1
GCN,3,16,0.5,0.001,2.8811259269714355,-1
GCN,3,64,0.0,0.05,2.8961448669433594,-1
GCN,4,64,0.2,0.001,2.897581100463867,-1
GCN,3,32,0.2,0.05,2.9024910926818848,-1
GCN,2,64,0.2,0.01,2.903449296951294,-1
GCN,3,16,0.2,0.01,2.907505989074707,-1
GCN,3,32,0.2,0.001,2.913020133972168,-1
GCN,4,32,0.5,0.01,2.9167888164520264,-1
GCN,3,32,0.5,0.05,2.9218780994415283,-1
GCN,4,16,0.2,0.001,2.928159236907959,-1
GCN,2,16,0.2,0.001,2.9384520053863525,-1
GCN,3,64,0.0,0.001,2.943537712097168,-1
GCN,4,16,0.2,0.01,2.944016933441162,-1
GCN,3,32,0.5,0.001,2.9467685222625732,-1
GCN,3,16,0.2,0.05,2.9477381706237793,-1
GCN,4,32,0.5,0.001,2.9660444259643555,-1
GCN,4,64,0.5,0.05,2.966118574142456,-1
GCN,2,16,0.2,0.05,2.973673105239868,-1
GCN,2,64,0.5,0.01,2.982358694076538,-1
GCN,4,64,0.2,0.05,2.9837164878845215,-1
GCN,4,32,0.0,0.05,2.985774278640747,-1
GCN,2,32,0.0,0.001,2.9877326488494873,-1
GCN,4,64,0.0,0.05,3.0090479850769043,-1
GCN,3,32,0.0,0.001,3.0096871852874756,-1
GCN,4,64,0.5,0.01,3.0221214294433594,-1
GCN,3,16,0.5,0.05,3.056612014770508,-1
GCN,4,16,0.0,0.05,3.076857089996338,-1
GCN,3,16,0.5,0.01,3.0835928916931152,-1
GCN,3,32,0.5,0.01,3.0953118801116943,-1
GCN,4,16,0.5,0.01,3.1066842079162598,-1
GCN,1,16,0.5,0.05,3.1150803565979004,-1
GCN,1,16,0.0,0.01,3.117555618286133,-1
GCN,4,16,0.2,0.05,3.124661445617676,-1
GCN,1,16,0.2,0.05,3.1705968379974365,-1
GCN,1,32,0.0,0.05,3.1715824604034424,-1
GCN,3,16,0.0,0.01,3.182898759841919,-1
GCN,4,32,0.5,0.05,3.1845691204071045,-1
GCN,4,32,0.2,0.05,3.1935627460479736,-1
GCN,2,32,0.0,0.05,3.226349115371704,-1
GCN,1,16,0.5,0.01,3.2411179542541504,-1
GCN,4,16,0.5,0.05,3.2411673069000244,-1
GCN,1,32,0.2,0.05,3.246335029602051,-1
GCN,1,64,0.5,0.01,3.2599995136260986,-1
GCN,1,64,0.0,0.01,3.260470151901245,-1
GCN,1,32,0.2,0.01,3.260634422302246,-1
GCN,1,64,0.2,0.05,3.2836802005767822,-1
GCN,1,16,0.2,0.01,3.315232515335083,-1
GCN,1,32,0.2,0.001,3.3218562602996826,-1
GCN,1,32,0.0,0.01,3.3395347595214844,-1
GCN,1,32,0.5,0.01,3.347766876220703,-1
GCN,1,64,0.5,0.05,3.3628458976745605,-1
GCN,1,64,0.0,0.05,3.362879991531372,-1
GCN,1,16,0.0,0.05,3.368011474609375,-1
GCN,1,16,0.2,0.001,3.439417600631714,-1
GCN,1,16,0.5,0.001,3.4477591514587402,-1
GCN,1,64,0.2,0.01,3.4890620708465576,-1
GCN,1,16,0.0,0.001,3.506716012954712,-1
GCN,1,32,0.5,0.05,3.5242598056793213,-1
GCN,1,64,0.5,0.001,3.526228189468384,-1
GCN,4,16,0.5,0.001,3.530980110168457,-1
GCN,1,64,0.0,0.001,3.5576555728912354,-1
GCN,1,32,0.5,0.001,3.77005672454834,-1
GCN,1,32,0.0,0.001,3.7948153018951416,-1
GCN,1,64,0.2,0.001,3.8041958808898926,-1
