model,num_layers,hidden_channels,dropout,lr,best_L,best_epoch,runtime_sec
GCN,1,5850,0.01,0.0001,14.296182632446289,-1,272.405857333603
GCN,1,5850,0.01,0.01,11.326736450195312,-1,277.34655237623764
GCN,1,5850,0.01,0.05,11.027174949645996,-1,278.5988318811882
GCN,1,5850,0.2,0.0001,14.296184539794922,-1,281.8915944444446
GCN,1,5850,0.2,0.001,11.508052825927734,-1,283.732704950495
GCN,1,5850,0.2,0.01,11.145227432250977,-1,280.75779029702966
GCN,1,5850,0.2,0.05,11.048311233520508,-1,278.6610926732674
GCN,1,5850,0.5,0.0001,14.296188354492188,-1,282.10443857142633
GCN,1,5850,0.5,0.001,11.61215877532959,-1,283.9709256435643
GCN,1,5850,0.5,0.01,11.13446044921875,-1,281.1931449504951
GCN,1,5850,0.5,0.05,11.3261079788208,-1,278.367138217822
GCN,1,11701,0.01,0.0001,14.296182632446289,-1,282.9764914285696
GCN,1,11701,0.01,0.001,11.604621887207031,-1,283.9036296039602
GCN,1,11701,0.01,0.01,11.230018615722656,-1,281.23124178217824
GCN,1,11701,0.01,0.05,11.03548526763916,-1,278.4135574257426
GCN,1,11701,0.2,0.0001,14.296180725097656,-1,281.72188083333367
GCN,1,11701,0.2,0.001,11.654319763183594,-1,283.62833920792076
GCN,1,11701,0.2,0.01,11.146352767944336,-1,281.19171980198
GCN,1,11701,0.2,0.05,11.169374465942383,-1,278.04776782178203
GCN,1,11701,0.5,0.0001,14.296184539794922,-1,281.4014855555595
GCN,1,11701,0.5,0.001,11.702703475952148,-1,283.7133814851489
GCN,1,11701,0.5,0.01,11.654596328735352,-1,280.9180049504948
GCN,1,11701,0.5,0.05,11.14491081237793,-1,278.07053059405905
GCN,1,23402,0.01,0.0001,14.296184539794922,-1,280.58096749999777
GCN,1,23402,0.01,0.001,11.617708206176758,-1,283.6694554455447
GCN,1,23402,0.01,0.01,11.661457061767578,-1,281.3188474257427
GCN,1,23402,0.01,0.05,11.145315170288086,-1,278.55963603960396
GCN,1,23402,0.2,0.0001,14.296186447143555,-1,281.5833500000028
GCN,1,23402,0.2,0.001,11.673094749450684,-1,283.35363089108887
GCN,1,23402,0.2,0.01,11.16908073425293,-1,280.9983697029701
GCN,1,23402,0.2,0.05,11.021627426147461,-1,278.4117356435645
GCN,1,23402,0.5,0.0001,14.296180725097656,-1,282.8687261538457
GCN,1,23402,0.5,0.001,11.433574676513672,-1,283.6730878217825
GCN,1,23402,0.5,0.01,11.412710189819336,-1,281.1527214851486
GCN,1,23402,0.5,0.05,11.350954055786133,-1,278.08980118811945
GCN,2,5850,0.01,0.0001,10.329429626464844,-1,301.8128339603956
GCN,2,5850,0.01,0.001,10.474266052246094,-1,300.193511584158
GCN,2,5850,0.01,0.01,10.417407989501953,-1,293.56444439024307
GCN,2,5850,0.01,0.05,10.38017463684082,-1,286.0696344117648
GCN,2,5850,0.2,0.0001,10.336112976074219,-1,301.7966345544547
GCN,2,5850,0.2,0.001,10.385172843933105,-1,300.0403351485147
GCN,2,5850,0.2,0.01,10.527848243713379,-1,293.7331273267323
GCN,2,5850,0.2,0.05,10.375932693481445,-1,286.97520578947376
GCN,2,5850,0.5,0.0001,10.34554672241211,-1,301.29284524752467
GCN,2,5850,0.5,0.001,10.505491256713867,-1,300.00410504950503
GCN,2,5850,0.5,0.01,10.627518653869629,-1,294.6109204761905
GCN,2,5850,0.5,0.05,10.395336151123047,-1,285.26084432432486
GCN,2,11701,0.01,0.0001,10.334625244140625,-1,381.9910435643569
GCN,2,11701,0.01,0.001,10.351781845092773,-1,380.58839792079243
GCN,2,11701,0.01,0.01,10.437623977661133,-1,371.02121792452994
GCN,2,11701,0.01,0.05,10.530519485473633,-1,368.1835129411732
GCN,2,11701,0.2,0.0001,10.351229667663574,-1,382.583576930692
GCN,2,11701,0.2,0.001,10.388925552368164,-1,380.56892752475227
GCN,2,11701,0.2,0.01,10.507638931274414,-1,383.4670987499976
GCN,2,11701,0.2,0.05,10.507061004638672,-1,369.4299506250104
GCN,2,11701,0.5,0.0001,10.361603736877441,-1,381.57848752475144
GCN,2,11701,0.5,0.001,10.40561580657959,-1,380.53392188118806
GCN,2,11701,0.5,0.01,10.598554611206055,-1,374.19307125000313
GCN,2,11701,0.5,0.05,10.46589469909668,-1,366.8159278571433
GCN,2,23402,0.01,0.0001,10.351042747497559,-1,564.9295177227716
GCN,2,23402,0.01,0.001,10.428794860839844,-1,563.2541518811879
GCN,2,23402,0.01,0.01,10.423408508300781,-1,549.9254209999999
GCN,2,23402,0.01,0.05,10.553816795349121,-1,559.6265663636257
GCN,2,23402,0.2,0.0001,10.512615203857422,-1,564.6076532673274
GCN,2,23402,0.2,0.001,10.40080738067627,-1,563.3908175247535
GCN,2,23402,0.2,0.01,10.67051887512207,-1,577.9720837500008
GCN,2,23402,0.2,0.05,10.59560775756836,-1,556.190038333332
GCN,2,23402,0.5,0.0001,10.438455581665039,-1,564.1745872277241
GCN,2,23402,0.5,0.001,10.447676658630371,-1,563.0959892079214
GCN,2,23402,0.5,0.01,10.477248191833496,-1,555.6578829629736
GCN,2,23402,0.5,0.05,10.537248611450195,-1,555.9599111764863
GCN,3,5850,0.01,0.0001,10.359607696533203,-1,329.79167762375914
GCN,3,5850,0.01,0.001,10.619892120361328,-1,329.0734914851494
GCN,3,5850,0.01,0.01,10.860576629638672,-1,320.1362884158419
GCN,3,5850,0.01,0.05,10.652276992797852,-1,313.67174552631604
GCN,3,5850,0.2,0.0001,10.500094413757324,-1,329.41676336633805
GCN,3,5850,0.2,0.001,10.716565132141113,-1,329.16189574257305
GCN,3,5850,0.2,0.01,10.771339416503906,-1,320.11872029703085
GCN,3,5850,0.2,0.05,10.806966781616211,-1,314.30392233332293
GCN,3,5850,0.5,0.0001,10.44605827331543,-1,329.2215744554479
GCN,3,5850,0.5,0.001,10.566933631896973,-1,328.2071536633654
GCN,3,5850,0.5,0.01,10.786273956298828,-1,321.8729845901687
GCN,3,5850,0.5,0.05,10.727002143859863,-1,313.5385925806458
GCN,3,11701,0.01,0.0001,10.430082321166992,-1,485.1758775247536
GCN,3,11701,0.01,0.001,10.531850814819336,-1,484.5326961386121
GCN,3,11701,0.01,0.01,10.611177444458008,-1,477.8785781818277
GCN,3,11701,0.01,0.05,10.822569847106934,-1,472.32582439998805
GCN,3,11701,0.2,0.0001,10.463735580444336,-1,484.7122527722766
GCN,3,11701,0.2,0.001,10.832615852355957,-1,492.6555720000033
GCN,3,11701,0.2,0.01,10.845641136169434,-1,472.31578086419756
GCN,3,11701,0.2,0.05,11.14692497253418,-1,472.2778050000064
GCN,3,11701,0.5,0.0001,10.356988906860352,-1,483.78850742574105
GCN,3,11701,0.5,0.001,10.530191421508789,-1,482.41843782178523
GCN,3,11701,0.5,0.01,10.952058792114258,-1,475.1855356410278
GCN,3,11701,0.5,0.05,10.787548065185547,-1,471.8267072727362
GCN,3,23402,0.01,0.0001,10.490379333496094,-1,7352.336067227721
GCN,3,23402,0.01,0.001,10.84492301940918,-1,6733.254876666696
GCN,3,23402,0.01,0.01,11.080350875854492,-1,41415.95336900002
GCN,3,23402,0.01,0.05,11.277371406555176,-1,5198.323468000017
GCN,3,23402,0.2,0.0001,10.450485229492188,-1,7276.460205346536
GCN,3,23402,0.2,0.001,10.872086524963379,-1,3059.511895319148
GCN,3,23402,0.2,0.01,10.889245986938477,-1,7763.968781136366
GCN,3,23402,0.2,0.05,10.958381652832031,-1,6815.601559230765
GCN,3,23402,0.5,0.0001,10.468503952026367,-1,7249.046179702973
GCN,3,23402,0.5,0.001,10.539603233337402,-1,3486.074375643562
GCN,3,23402,0.5,0.01,11.126423835754395,-1,7528.265170588224
GCN,3,23402,0.5,0.05,11.024969100952148,-1,4270.53074363635
GCN,4,5850,0.01,0.0001,10.471902847290039,-1,356.85509178217785
GCN,4,5850,0.01,0.001,10.83775806427002,-1,356.126445841592
GCN,4,5850,0.01,0.01,11.515884399414062,-1,349.80460304346786
GCN,4,5850,0.01,0.05,11.129199028015137,-1,340.88862857142453
GCN,4,5850,0.2,0.0001,10.540205955505371,-1,356.51779910890986
GCN,4,5850,0.2,0.001,10.734387397766113,-1,356.86965809523133
GCN,4,5850,0.2,0.01,11.134615898132324,-1,349.87850545453097
GCN,4,5850,0.2,0.05,11.494068145751953,-1,346.6172677776841
GCN,4,5850,0.5,0.0001,10.412527084350586,-1,356.7100908910962
GCN,4,5850,0.5,0.001,10.993778228759766,-1,355.3597566336687
GCN,4,5850,0.5,0.01,11.808372497558594,-1,351.841609999974
GCN,4,5850,0.5,0.05,10.923849105834961,-1,342.8408650000165
GCN,4,11701,0.01,0.0001,10.559926986694336,-1,585.6713073267337
GCN,4,11701,0.01,0.001,11.039609909057617,-1,598.7335133333545
GCN,4,11701,0.01,0.01,11.376710891723633,-1,602.0379300000578
GCN,4,11701,0.01,0.05,10.89450454711914,-1,571.9168361538323
GCN,4,11701,0.2,0.0001,10.45398235321045,-1,585.7648258415883
GCN,4,11701,0.2,0.001,11.38121223449707,-1,602.7069275000031
GCN,4,11701,0.2,0.01,10.913578987121582,-1,574.1598573333532
GCN,4,11701,0.2,0.05,11.53550910949707,-1,584.8333700000446
GCN,4,11701,0.5,0.0001,10.444936752319336,-1,584.0348839603934
GCN,4,11701,0.5,0.001,10.82225227355957,-1,583.5765977227734
GCN,4,11701,0.5,0.01,11.359248161315918,-1,597.9429685714422
GCN,4,11701,0.5,0.05,11.012040138244629,-1,573.5248260714538
